d0413a,::1,GET,http://localhost/~streetcolor/fork/web/index_dev.php/,1453153709,,200
b04614,::1,GET,http://localhost/~streetcolor/fork/web/index_dev.php/,1453153710,,200
07af63,::1,GET,http://localhost/~streetcolor/fork/web/index_dev.php/,1453153717,,200
97935c,::1,GET,http://localhost/~streetcolor/fork/web/index_dev.php/,1453153737,,200
1dfbd0,::1,GET,http://localhost/~streetcolor/fork/web/index_dev.php/,1453153966,,200
d83736,::1,GET,http://localhost/~streetcolor/fork/web/index_dev.php/,1453235164,,404
07ad57,::1,GET,http://localhost/~streetcolor/fork/web/index_dev.php/,1453235165,,404
c97ecc,::1,GET,http://localhost/~streetcolor/fork/web/index_dev.php/,1453235165,,404
e143a5,::1,GET,http://localhost/~streetcolor/fork/web/index_dev.php/seb,1453235170,,404
d85ef0,::1,GET,http://localhost/~streetcolor/fork/web/index_dev.php/seb,1453235171,,404
e0b66e,::1,GET,http://localhost/~streetcolor/fork/web/index_dev.php/test/seb,1453235179,,500
520d66,::1,GET,http://localhost/~streetcolor/fork/web/index_dev.php/test/seb,1453235181,,500
e125f8,::1,GET,http://localhost/~streetcolor/fork/web/index_dev.php/test/seb,1453235265,,500
6b5832,::1,GET,http://localhost/~streetcolor/fork/web/index_dev.php/test/seb,1453235266,,500
2148f6,::1,GET,http://localhost/~streetcolor/fork/web/index_dev.php/test/seb,1453235528,,500
bfbb62,::1,GET,http://localhost/~streetcolor/fork/web/index_dev.php/test/seb,1453235529,,500
083a04,::1,GET,http://localhost/~streetcolor/fork/web/index_dev.php/test/seb,1453235792,,500
8e6084,::1,GET,http://localhost/~streetcolor/fork/web/index_dev.php/test/seb,1453235794,,500
2d0f0f,::1,GET,http://localhost/~streetcolor/fork/web/index_dev.php/test/seb,1453235804,,500
7d0048,::1,GET,http://localhost/~streetcolor/fork/web/index_dev.php/test/seb,1453235827,,500
0debf4,::1,GET,http://localhost/~streetcolor/fork/web/index_dev.php/,1453235873,,404
fe6079,::1,GET,http://localhost/~streetcolor/fork/web/index_dev.php/,1453235875,,404
c80488,::1,GET,http://localhost/~streetcolor/fork/web/index_dev.php/test/seb,1453235907,,200
538e7a,::1,GET,http://localhost/~streetcolor/fork/web/index_dev.php/test/seb,1453235911,,200
52a4fc,::1,GET,http://localhost/~streetcolor/fork/web/index_dev.php/test/seb,1453236061,,200
a5d5c4,::1,GET,http://localhost/~streetcolor/fork/web/index_dev.php/test/seb,1453236141,,200
71e2a5,::1,GET,http://localhost/~streetcolor/fork/web/index_dev.php/test/seb,1453236191,,200
444d14,::1,GET,http://localhost/~streetcolor/fork/web/index_dev.php/test/seb,1453236288,,200
d08456,::1,GET,http://localhost/~streetcolor/fork/web/index_dev.php/test/seb,1453236713,,500
35c427,::1,GET,http://localhost/~streetcolor/fork/web/index_dev.php/test/seb,1453236714,,500
667359,::1,GET,http://localhost/~streetcolor/fork/web/index_dev.php/test/seb,1453236714,,500
61e8ec,::1,GET,http://localhost/~streetcolor/fork/web/index_dev.php/test/seb,1453237022,,200
606492,::1,GET,http://localhost/~streetcolor/fork/web/index_dev.php/test/seb,1453237023,,200
4f4dc5,::1,GET,http://localhost/~streetcolor/fork/web/index_dev.php/test/seb,1453237306,,200
21c7ae,::1,GET,http://localhost/~streetcolor/fork/web/index_dev.php/test/seb,1453237348,,500
c54a07,::1,GET,http://localhost/~streetcolor/fork/web/index_dev.php/test/seb,1453237352,,200
03e62e,::1,GET,http://localhost/~streetcolor/fork/web/index_dev.php/test/seb,1453237383,,200
307851,::1,GET,http://localhost/~streetcolor/fork/web/index_dev.php/test/seb,1453237992,,200
a82ccf,::1,GET,http://localhost/~streetcolor/fork/web/index_dev.php/test/seb,1453238074,,200
aac8ae,::1,GET,http://localhost/~streetcolor/fork/web/index_dev.php/test/seb,1453238075,,200
ef5093,::1,GET,http://localhost/~streetcolor/fork/web/index_dev.php/test/seb,1453238075,,200
dd4931,::1,GET,http://localhost/~streetcolor/fork/web/index_dev.php/test/seb,1453238396,,200
6698bc,::1,GET,http://localhost/~streetcolor/fork/web/index_dev.php/test/seb,1453239199,,500
eda893,::1,GET,http://localhost/~streetcolor/fork/web/index_dev.php/test/seb,1453239199,,500
d3cea3,::1,GET,http://localhost/~streetcolor/fork/web/index_dev.php/test/seb,1453239200,,500
e6ad53,::1,GET,http://localhost/~streetcolor/fork/web/index_dev.php/test/seb,1453239245,,500
efcf8e,::1,GET,http://localhost/~streetcolor/fork/web/index_dev.php/test/seb,1453239246,,500
00e9a9,::1,GET,http://localhost/~streetcolor/fork/web/index_dev.php/test/seb,1453239246,,500
41abee,::1,GET,http://localhost/~streetcolor/fork/web/index_dev.php/test/seb,1453239269,,500
733cf1,::1,GET,http://localhost/~streetcolor/fork/web/index_dev.php/test/seb,1453239270,,500
00e580,::1,GET,http://localhost/~streetcolor/fork/web/index_dev.php/test/seb,1453239270,,500
c5dcca,::1,GET,http://localhost/~streetcolor/fork/web/index_dev.php/test/seb,1453239290,,200
e3901c,::1,GET,http://localhost/~streetcolor/fork/web/index_dev.php/test/seb,1453239290,,200
331077,::1,GET,http://localhost/~streetcolor/fork/web/index_dev.php/test/seb,1453239291,,200
286f60,::1,GET,http://localhost/~streetcolor/fork/web/index_dev.php/test/seb,1453240710,,200
8d77d8,::1,GET,http://localhost/~streetcolor/fork/web/index_dev.php/test/seb,1453324078,,200
b4648f,::1,GET,http://localhost/~streetcolor/fork/web/index_dev.php/test/seb,1453324093,,200
5ea051,::1,GET,http://localhost/~streetcolor/fork/web/index_dev.php/test/seb,1453324094,,200
83bddf,::1,GET,http://localhost/~streetcolor/fork/web/index_dev.php/test/seb,1453324094,,200
d213f8,::1,GET,http://localhost/~streetcolor/fork/web/index_dev.php/test/seb,1453324095,,200
90c2de,::1,GET,http://localhost/~streetcolor/fork/web/index_dev.php/test/seb,1453324095,,200
59b764,::1,GET,http://localhost/~streetcolor/fork/web/index_dev.php/test/seb,1453324095,,200
f0b3d7,::1,GET,http://localhost/~streetcolor/fork/web/index_dev.php/test/seb,1453324320,,200
0ba9e9,::1,GET,http://localhost/~streetcolor/fork/web/index_dev.php/test/seb,1453324426,,200
35ac6a,::1,GET,http://localhost/~streetcolor/fork/web/index_dev.php/test/seb,1453325131,,200
7d0d2e,::1,GET,http://localhost/~streetcolor/fork/web/index_dev.php/test/seb,1453325131,,200
2ca9b3,::1,GET,http://localhost/~streetcolor/fork/web/index_dev.php/test/seb,1453325181,,200
4b8e47,::1,GET,http://localhost/~streetcolor/fork/web/index_dev.php/test/seb,1453326180,,200
863e87,::1,GET,http://localhost/~streetcolor/fork/web/index_dev.php/test/seb,1453326306,,200
f533c8,::1,GET,http://localhost/~streetcolor/fork/web/index_dev.php/test/seb,1453326486,,200
7838d9,::1,GET,http://localhost/~streetcolor/fork/web/index_dev.php/test/seb,1453326496,,200
ae414d,::1,GET,http://localhost/~streetcolor/fork/web/index_dev.php/test/seb,1453326497,,200
66a410,::1,GET,http://localhost/~streetcolor/fork/web/index_dev.php/test/seb,1453326591,,200
4d55b3,::1,GET,http://localhost/~streetcolor/fork/web/index_dev.php/test/seb,1453326591,,200
2cd9ac,::1,GET,http://localhost/~streetcolor/fork/web/index_dev.php/test/seb,1453326592,,200
1bcb7d,::1,GET,http://localhost/~streetcolor/fork/web/index_dev.php/test/seb,1453327814,,200
aface6,::1,GET,http://localhost/~streetcolor/fork/web/index_dev.php/test/seb,1453327815,,200
d1bb16,::1,GET,http://localhost/~streetcolor/fork/web/index_dev.php/test/seb,1453327815,,200
973800,::1,GET,http://localhost/~streetcolor/fork/web/index_dev.php/test/seb,1453327847,,200
4aa5cc,::1,GET,http://localhost/~streetcolor/fork/web/index_dev.php/test/seb,1453327848,,200
d42e97,::1,GET,http://localhost/~streetcolor/fork/web/index_dev.php/test/seb,1453327848,,200
0e784d,::1,GET,http://localhost/~streetcolor/fork/web/index_dev.php/test/seb,1453327849,,200
649012,::1,GET,http://localhost/~streetcolor/fork/web/index_dev.php/test/seb,1453327851,,200
9d920e,::1,GET,http://localhost/~streetcolor/fork/web/index_dev.php/test/seb,1453327860,,200
7ffaa7,::1,GET,http://localhost/~streetcolor/fork/web/index_dev.php/test/seb,1453327861,,200
ec7735,::1,GET,http://localhost/~streetcolor/fork/web/index_dev.php/test/seb,1453327868,,200
291a1f,::1,GET,http://localhost/~streetcolor/fork/web/index_dev.php/test/seb,1453327869,,200
fbbcb8,::1,GET,http://localhost/~streetcolor/fork/web/index_dev.php/test/seb,1453327869,,200
783a90,::1,GET,http://localhost/~streetcolor/fork/web/index_dev.php/test/seb,1453327872,,200
3e6a98,::1,GET,http://localhost/~streetcolor/fork/web/index_dev.php/test/seb,1453327898,,200
65d555,::1,GET,http://localhost/~streetcolor/fork/web/index_dev.php/test/seb,1453327981,,200
5c2070,::1,GET,http://localhost/~streetcolor/fork/web/index_dev.php/test/seb,1453327982,,200
e35c22,::1,GET,http://localhost/~streetcolor/fork/web/index_dev.php/test/seb,1453327983,,200
e699e1,::1,GET,http://localhost/~streetcolor/fork/web/index_dev.php/test/seb,1453327983,,200
39339b,::1,GET,http://localhost/~streetcolor/fork/web/index_dev.php/test/seb,1453327983,,200
35e01d,::1,GET,http://localhost/~streetcolor/fork/web/index_dev.php/test/seb,1453328223,,200
1325bf,::1,GET,http://localhost/~streetcolor/fork/web/index_dev.php/test/seb,1453328255,,200
6b9da0,::1,GET,http://localhost/~streetcolor/fork/web/index_dev.php/,1453328323,,404
d3ebd1,::1,GET,http://localhost/~streetcolor/fork/web/index_dev.php/test/seb,1453328326,,200
9e1269,::1,GET,http://localhost/~streetcolor/fork/web/index_dev.php/test/seb,1453328348,,200
154717,::1,GET,http://localhost/~streetcolor/fork/web/index_dev.php/test/seb,1453328370,,200
09f466,::1,GET,http://localhost/~streetcolor/fork/web/index_dev.php/test/seb,1453835981,,200
9afdec,::1,GET,http://localhost/~streetcolor/fork/web/index_dev.php/test/seb,1453841530,,404
685415,::1,GET,http://localhost/~streetcolor/fork/web/index_dev.php/test/seb,1453841531,,404
9f515b,::1,GET,http://localhost/~streetcolor/fork/web/index_dev.php/test/seb,1453841552,,404
f2f508,::1,GET,http://localhost/~streetcolor/fork/web/index_dev.php/test/seb,1453841552,,404
63710a,::1,GET,http://localhost/~streetcolor/fork/web/index_dev.php/test/seb,1453841553,,404
546b12,::1,GET,http://localhost/~streetcolor/fork/web/index_dev.php/test/seb,1453841749,,404
c9504f,::1,GET,http://localhost/~streetcolor/fork/web/index_dev.php/test/seb,1453841750,,404
e34afa,::1,GET,http://localhost/~streetcolor/fork/web/index_dev.php/test/seb,1453841750,,404
ed856f,::1,GET,http://localhost/~streetcolor/fork/web/index_dev.php/test/seb,1453841787,,404
99c5bf,::1,GET,http://localhost/~streetcolor/fork/web/index_dev.php/test/seb,1453841788,,404
7daa01,::1,GET,http://localhost/~streetcolor/fork/web/index_dev.php/test/seb,1453841800,,200
906956,::1,GET,http://localhost/~streetcolor/fork/web/index_dev.php/test/seb,1453841810,,200
528420,::1,GET,http://localhost/~streetcolor/fork/web/index_dev.php/test/seb,1453841829,,200
7afbec,::1,GET,http://localhost/~streetcolor/fork/web/index_dev.php/test/seb,1453841945,,200
37c359,::1,GET,http://localhost/~streetcolor/fork/web/index_dev.php/test/seb,1453842078,,500
d82c7f,::1,GET,http://localhost/~streetcolor/fork/web/index_dev.php/test/seb,1453842079,,500
59ab05,::1,GET,http://localhost/~streetcolor/fork/web/index_dev.php/test/seb,1453842094,,200
f17160,::1,GET,http://localhost/~streetcolor/fork/web/index_dev.php/test/seb,1453842097,,200
718178,::1,GET,http://localhost/~streetcolor/fork/web/index_dev.php/test/seb,1453842099,,200
c41020,::1,GET,http://localhost/~streetcolor/fork/web/index_dev.php/test/seb,1453842100,,200
4f5470,::1,GET,http://localhost/~streetcolor/fork/web/index_dev.php/test/seb,1453842102,,200
af9fc9,::1,GET,http://localhost/~streetcolor/fork/web/index_dev.php/test/seb,1453842134,,200
c3a9c5,::1,GET,http://localhost/~streetcolor/fork/web/index_dev.php/test/seb,1453842135,,200
5a6e8d,::1,GET,http://localhost/~streetcolor/fork/web/index.php/test/seb,1453842236,,200
f8a620,::1,GET,http://localhost/~streetcolor/fork/web/index.php/test/seb,1453842240,,200
6f4d5a,::1,GET,http://localhost/~streetcolor/fork/web/index.php/test/seb,1453842242,,200
2ff2e1,::1,GET,http://localhost/~streetcolor/fork/web/index.php/test/seb,1453842243,,200
c77400,::1,GET,http://localhost/~streetcolor/fork/web/index.php/test/seb,1453842245,,200
36efd5,::1,GET,http://localhost/~streetcolor/fork/web/index.php/test/seb,1453842281,,200
f26fcb,::1,GET,http://localhost/~streetcolor/fork/web/index.php/test/seb,1453842328,,200
1418e1,::1,GET,http://localhost/~streetcolor/fork/web/index_dev.php/test/seb,1453845726,,200
29ba1d,::1,GET,http://localhost/~streetcolor/fork/web/index_dev.php/test/seb,1453845728,,200
99693d,::1,GET,http://localhost/~streetcolor/fork/web/index_dev.php/test/seb,1453846357,,500
716b48,::1,GET,http://localhost/~streetcolor/fork/web/index_dev.php/test/seb,1453846358,,500
c8cf74,::1,GET,http://localhost/~streetcolor/fork/web/index_dev.php/test/seb,1453846358,,500
c97415,::1,GET,http://localhost/~streetcolor/fork/web/index_dev.php/test/seb,1453846384,,500
aa40ae,::1,GET,http://localhost/~streetcolor/fork/web/index_dev.php/test/seb,1453846385,,500
49e2c7,::1,GET,http://localhost/~streetcolor/fork/web/index_dev.php/test/seb,1453846404,,500
61911d,::1,GET,http://localhost/~streetcolor/fork/web/index_dev.php/test/seb,1453846405,,500
ea6bdc,::1,GET,http://localhost/~streetcolor/fork/web/index_dev.php/test/seb,1453846405,,500
62df6f,::1,GET,http://localhost/~streetcolor/fork/web/index_dev.php/test/seb,1453846410,,500
8b81ec,::1,GET,http://localhost/~streetcolor/fork/web/index_dev.php/test/seb,1453846426,,500
c75f3d,::1,GET,http://localhost/~streetcolor/fork/web/index_dev.php/test/seb,1453846448,,500
710df7,::1,GET,http://localhost/~streetcolor/fork/web/index_dev.php/test/seb,1453846448,,500
d23b52,::1,GET,http://localhost/~streetcolor/fork/web/index_dev.php/test/seb,1453846448,,500
0f201b,::1,GET,http://localhost/~streetcolor/fork/web/index_dev.php/test/seb,1453846572,,500
665926,::1,GET,http://localhost/~streetcolor/fork/web/index_dev.php/test/seb,1453846573,,500
aa5c00,::1,GET,http://localhost/~streetcolor/fork/web/index_dev.php/test/seb,1453846573,,500
ad3af9,::1,GET,http://localhost/~streetcolor/fork/web/index_dev.php/test/seb,1453846680,,200
5b589c,::1,GET,http://localhost/~streetcolor/fork/web/index_dev.php/test/seb,1453846781,,200
73f852,::1,GET,http://localhost/~streetcolor/fork/web/index_dev.php/test/seb,1453846820,,200
8162e6,::1,GET,http://localhost/~streetcolor/fork/web/index_dev.php/test/seb,1453846942,,200
ada978,::1,GET,http://localhost/~streetcolor/fork/web/index_dev.php/test/seb,1453847073,,200
976018,::1,GET,http://localhost/~streetcolor/fork/web/index_dev.php/test/seb,1453847073,,200
27329b,::1,GET,http://localhost/~streetcolor/fork/web/index_dev.php/test/seb,1453847075,,200
579565,::1,GET,http://localhost/~streetcolor/fork/web/index_dev.php/test/seb,1453847168,,200
056c47,::1,GET,http://localhost/~streetcolor/fork/web/index_dev.php/test/seb,1453847169,,200
f50021,::1,GET,http://localhost/~streetcolor/fork/web/index_dev.php/test/seb,1453847169,,200
cdcba4,::1,GET,http://localhost/~streetcolor/fork/web/index_dev.php/test/seb,1453847224,,500
f84d65,::1,GET,http://localhost/~streetcolor/fork/web/index_dev.php/test/seb,1453847225,,500
211915,::1,GET,http://localhost/~streetcolor/fork/web/index_dev.php/test/seb,1453847256,,200
4af16a,::1,GET,http://localhost/~streetcolor/fork/web/index_dev.php/test/seb,1453847371,,200
682e74,::1,GET,http://localhost/~streetcolor/fork/web/index_dev.php/test/seb,1453847656,,200
2764d7,::1,GET,http://localhost/~streetcolor/fork/web/index_dev.php/test/seb,1453847658,,200
77df4d,::1,GET,http://localhost/~streetcolor/fork/web/,1453928886,,404
dcdb26,::1,GET,http://localhost/~streetcolor/fork/web/index_dev.php/,1453928896,,404
db9086,::1,GET,http://localhost/~streetcolor/fork/web/index_dev.php/test/seb,1453928900,,200
643597,::1,GET,http://localhost/~streetcolor/fork/web/index_dev.php/test/seb,1453929028,,200
d81612,::1,GET,http://localhost/~streetcolor/fork/web/index_dev.php/test/seb,1453929045,,200
4d7383,::1,GET,http://localhost/~streetcolor/fork/web/index_dev.php/test/seb,1453929069,,500
87efbe,::1,GET,http://localhost/~streetcolor/fork/web/index_dev.php/test/seb,1453929070,,500
071d41,::1,GET,http://localhost/~streetcolor/fork/web/index_dev.php/test/seb,1453929070,,500
c5b2dc,::1,GET,http://localhost/~streetcolor/fork/web/index_dev.php/test/seb,1453929153,,200
e8ba97,::1,GET,http://localhost/~streetcolor/fork/web/index_dev.php/test/seb,1453929154,,200
8bcbd2,::1,GET,http://localhost/~streetcolor/fork/web/index_dev.php/test/seb,1453929154,,200
c4952c,::1,GET,http://localhost/~streetcolor/fork/web/index_dev.php/test/seb,1453929312,,200
83a205,::1,GET,http://localhost/~streetcolor/fork/web/index_dev.php/test/seb,1453929358,,200
b19541,::1,GET,http://localhost/~streetcolor/fork/web/index_dev.php/test/seb,1453929359,,200
94c09d,::1,GET,http://localhost/~streetcolor/fork/web/index_dev.php/test/seb,1453929360,,200
340da3,::1,GET,http://localhost/~streetcolor/fork/web/index_dev.php/test/seb,1453929370,,200
4f457b,::1,GET,http://localhost/~streetcolor/fork/web/index_dev.php/test/seb,1453929371,,200
32bc4f,::1,GET,http://localhost/~streetcolor/fork/web/index_dev.php/test/seb,1453929371,,200
a0e64d,::1,GET,http://localhost/~streetcolor/fork/web/index_dev.php/test/seb,1453929378,,500
21b385,::1,GET,http://localhost/~streetcolor/fork/web/index_dev.php/test/seb,1453929380,,200
b277d5,::1,GET,http://localhost/~streetcolor/fork/web/index_dev.php/test/seb,1453929436,,200
a1e449,::1,GET,http://localhost/~streetcolor/fork/web/index_dev.php/test/seb,1453929530,,200
05e17a,::1,GET,http://localhost/~streetcolor/fork/web/index_dev.php/test/seb,1453929551,,200
516d3b,::1,GET,http://localhost/~streetcolor/fork/web/index_dev.php/test/seb,1453929598,,200
dee9fc,::1,GET,http://localhost/~streetcolor/fork/web/index_dev.php/test/seb,1453929598,,200
0d1972,::1,GET,http://localhost/~streetcolor/fork/web/index_dev.php/test/seb,1453929599,,200
ce3258,::1,GET,http://localhost/~streetcolor/fork/web/index_dev.php/test/seb,1453929612,,200
62804a,::1,GET,http://localhost/~streetcolor/fork/web/index_dev.php/test/seb,1453929804,,200
7165f3,::1,GET,http://localhost/~streetcolor/fork/web/index_dev.php/test/seb,1453929815,,200
c84475,::1,GET,http://localhost/~streetcolor/fork/web/index_dev.php/test/seb,1453929815,,200
01b3c1,::1,GET,http://localhost/~streetcolor/fork/web/index_dev.php/test/seb,1453929815,,200
3e037f,::1,GET,http://localhost/~streetcolor/fork/web/index_dev.php/test/seb,1453929822,,200
81edf5,::1,GET,http://localhost/~streetcolor/fork/web/index_dev.php/test/seb,1453929823,,200
6efb7e,::1,GET,http://localhost/~streetcolor/fork/web/index_dev.php/test/seb,1453929823,,200
383bc5,::1,GET,http://localhost/~streetcolor/fork/web/index_dev.php/test/seb,1453929935,,200
7489d0,::1,GET,http://localhost/~streetcolor/fork/web/index_dev.php/test/seb,1453929936,,200
b850b5,::1,GET,http://localhost/~streetcolor/fork/web/index_dev.php/test/seb,1453930092,,200
b31c03,::1,GET,http://localhost/~streetcolor/fork/web/index_dev.php/test/seb,1453930093,,200
232e17,::1,GET,http://localhost/~streetcolor/fork/web/index_dev.php/test/seb,1453930093,,200
d9d644,::1,GET,http://localhost/~streetcolor/fork/web/index_dev.php/test/seb,1453930136,,500
b68d2f,::1,GET,http://localhost/~streetcolor/fork/web/index_dev.php/test/seb,1453930137,,500
1d2238,::1,GET,http://localhost/~streetcolor/fork/web/index_dev.php/test/seb,1453930191,,500
d949c2,::1,GET,http://localhost/~streetcolor/fork/web/index_dev.php/test/seb,1453930192,,500
d5f443,::1,GET,http://localhost/~streetcolor/fork/web/index_dev.php/test/seb,1453930192,,500
a8e2be,::1,GET,http://localhost/~streetcolor/fork/web/index_dev.php/test/seb,1453930263,,500
e8f576,::1,GET,http://localhost/~streetcolor/fork/web/index_dev.php/test/seb,1453930341,,200
3e6a2b,::1,GET,http://localhost/~streetcolor/fork/web/index_dev.php/test/seb,1453930457,,404
91bcfb,::1,GET,http://localhost/~streetcolor/fork/web/index_dev.php/test/seb,1453930532,,200
9d50b1,::1,GET,http://localhost/~streetcolor/fork/web/index_dev.php/test/seb,1453930621,,200
0dde68,::1,GET,http://localhost/~streetcolor/fork/web/index_dev.php/test/seb,1453930622,,200
a5ea3c,::1,GET,http://localhost/~streetcolor/fork/web/index_dev.php/test/seb,1453930622,,200
951b29,::1,GET,http://localhost/~streetcolor/fork/web/index_dev.php/test/seb,1453930636,,200
232a8a,::1,GET,http://localhost/~streetcolor/fork/web/index_dev.php/test/seb,1453930637,,200
6b2521,::1,GET,http://localhost/~streetcolor/fork/web/index_dev.php/test/seb,1453930637,,200
0e7179,::1,GET,http://localhost/~streetcolor/fork/web/index_dev.php/test/seb,1453930714,,200
b849df,::1,GET,http://localhost/~streetcolor/fork/web/index_dev.php/test/seb,1453930753,,200
0cb66e,::1,GET,http://localhost/~streetcolor/fork/web/index_dev.php/test/seb,1453930754,,200
df7b04,::1,GET,http://localhost/~streetcolor/fork/web/index_dev.php/test/seb,1453930754,,200
343201,::1,GET,http://localhost/~streetcolor/fork/web/index_dev.php/test/seb,1453930921,,200
661ccc,::1,GET,http://localhost/~streetcolor/fork/web/index_dev.php/test/seb,1453930922,,200
5b332b,::1,GET,http://localhost/~streetcolor/fork/web/index_dev.php/test/seb,1453930922,,200
21a124,::1,GET,http://localhost/~streetcolor/fork/web/index_dev.php/test/seb,1453931069,,500
840f86,::1,GET,http://localhost/~streetcolor/fork/web/index_dev.php/test/seb,1453931070,,500
9b733e,::1,GET,http://localhost/~streetcolor/fork/web/index_dev.php/test/seb,1453931098,,200
06e394,::1,GET,http://localhost/~streetcolor/fork/web/index_dev.php/test/seb,1453931098,,200
623a4d,::1,GET,http://localhost/~streetcolor/fork/web/index_dev.php/test/seb,1453931131,,404
bbf70a,::1,GET,http://localhost/~streetcolor/fork/web/index_dev.php/seb,1453931133,,404
c73664,::1,GET,http://localhost/~streetcolor/fork/web/index_dev.php/seb,1453931139,,404
6d5921,::1,GET,http://localhost/~streetcolor/fork/web/index_dev.php/seb,1453931140,,404
7602a6,::1,GET,http://localhost/~streetcolor/fork/web/index_dev.php/seb/s,1453931153,,404
a22302,::1,GET,http://localhost/~streetcolor/fork/web/index_dev.php/test/seb,1453931158,,200
60f9b7,::1,GET,http://localhost/~streetcolor/fork/web/index_dev.php/test/seb,1453931162,,200
c8ee43,::1,GET,http://localhost/~streetcolor/fork/web/index_dev.php/test/seb,1453931425,,404
3f83ba,::1,GET,http://localhost/~streetcolor/fork/web/index_dev.php/test/seb,1453931426,,404
c8d551,::1,GET,http://localhost/~streetcolor/fork/web/index_dev.php/test/seb,1453931426,,404
b432c8,::1,GET,http://localhost/~streetcolor/fork/web/index_dev.php/test/seb,1453931466,,404
cae9bc,::1,GET,http://localhost/~streetcolor/fork/web/index_dev.php/test/seb,1453931467,,404
e8cf75,::1,GET,http://localhost/~streetcolor/fork/web/index_dev.php/test/seb,1453931467,,404
981df1,::1,GET,http://localhost/~streetcolor/fork/web/index_dev.php/seb,1453931476,,404
455d21,::1,GET,http://localhost/~streetcolor/fork/web/index_dev.php/test/test/seb,1453931484,,404
510118,::1,GET,http://localhost/~streetcolor/fork/web/index_dev.php/test/test/seb,1453931510,,404
dcee6d,::1,GET,http://localhost/~streetcolor/fork/web/index_dev.php/test/test/seb,1453931511,,404
01c287,::1,GET,http://localhost/~streetcolor/fork/web/index_dev.php/test/test/seb,1453931511,,404
28ccc5,::1,GET,http://localhost/~streetcolor/fork/web/index_dev.php/test/seb,1453931513,,404
0c455a,::1,GET,http://localhost/~streetcolor/fork/web/index_dev.php/test/seb,1453931547,,200
a85388,::1,GET,http://localhost/~streetcolor/fork/web/index_dev.php/test/seb,1453931632,,200
41270f,::1,GET,http://localhost/~streetcolor/fork/web/index_dev.php/test/seb,1453931653,,404
5bfe1b,::1,GET,http://localhost/~streetcolor/fork/web/index_dev.php/seb,1453931655,,200
38653c,::1,GET,http://localhost/~streetcolor/fork/web/index_dev.php/seb,1453931682,,404
96ef51,::1,GET,http://localhost/~streetcolor/fork/web/index_dev.php/seb,1453931683,,404
8c01ed,::1,GET,http://localhost/~streetcolor/fork/web/index_dev.php/seb,1453931683,,404
3e9659,::1,GET,http://localhost/~streetcolor/fork/web/index_dev.php/seb,1453931686,,200
b67f00,::1,GET,http://localhost/~streetcolor/fork/web/index_dev.php/seb,1453932039,,404
d16cbb,::1,GET,http://localhost/~streetcolor/fork/web/index_dev.php/test/seb,1453932049,,200
811a36,::1,GET,http://localhost/~streetcolor/fork/web/index.php/test/seb,1454015328,,200
3ca2b3,::1,GET,http://localhost/~streetcolor/fork/web/index.php/test/seb,1454017172,,200
23ec12,::1,GET,http://localhost/~streetcolor/fork/web/index.php/test/seb,1454018127,,200
15cc3b,::1,GET,http://localhost/~streetcolor/fork/web/index.php/test/seb,1454018179,,200
3488d2,::1,GET,http://localhost/~streetcolor/fork/web/index.php/test/seb,1454018305,,200
fd6ce9,::1,GET,http://localhost/~streetcolor/fork/web/index.php/test/seb,1454018438,,200
05804e,::1,GET,http://localhost/~streetcolor/fork/web/index.php/test/seb,1454018464,,200
148231,::1,GET,http://localhost/~streetcolor/fork/web/index.php/test/seb,1454018712,,200
2dc204,::1,GET,http://localhost/~streetcolor/fork/web/index.php/test/seb,1454018835,,200
df39d5,::1,GET,http://localhost/~streetcolor/fork/web/index.php/test/seb,1454019035,,200
2dfe91,::1,GET,http://localhost/~streetcolor/fork/web/index.php/test/seb,1454019076,,200
38e51d,::1,GET,http://localhost/~streetcolor/fork/web/index.php/test/seb,1454019076,,200
938779,::1,GET,http://localhost/~streetcolor/fork/web/index.php/test/seb,1454019125,,200
9131bd,::1,GET,http://localhost/~streetcolor/fork/web/index.php/test/seb,1454019125,,200
3c632c,::1,GET,http://localhost/~streetcolor/fork/web/index.php/test/seb,1454019134,,200
9dd870,::1,GET,http://localhost/~streetcolor/fork/web/index.php/test/seb,1454019157,,200
dfb8a7,::1,GET,http://localhost/~streetcolor/fork/web/index.php/test/seb,1454019161,,200
311709,::1,GET,http://localhost/~streetcolor/fork/web/index.php/test/seb,1454019162,,200
36b4ff,::1,GET,http://localhost/~streetcolor/fork/web/index.php/test/seb,1454019290,,200
23d940,::1,GET,http://localhost/~streetcolor/fork/web/index.php/test/seb,1454019291,,200
73bab2,::1,GET,http://localhost/~streetcolor/fork/web/index.php/test/seb,1454019291,,200
ef5f6d,::1,GET,http://localhost/~streetcolor/fork/web/index.php/test/seb,1454019316,,500
967532,::1,GET,http://localhost/~streetcolor/fork/web/index.php/test/seb,1454019317,,500
80057d,::1,GET,http://localhost/~streetcolor/fork/web/index.php/test/seb,1454019317,,500
334ddc,::1,GET,http://localhost/~streetcolor/fork/web/index.php/test/seb,1454019328,,200
b2d25d,::1,GET,http://localhost/~streetcolor/fork/web/index.php/test/seb,1454019329,,200
77a190,::1,GET,http://localhost/~streetcolor/fork/web/index.php/test/seb,1454019329,,200
531860,::1,GET,http://localhost/~streetcolor/fork/web/index.php/test/seb,1454019495,,200
fb6505,::1,GET,http://localhost/~streetcolor/fork/web/index.php/test/seb,1454019521,,200
041cea,::1,GET,http://localhost/~streetcolor/fork/web/index.php/test/seb,1454019556,,200
61dae1,::1,GET,http://localhost/~streetcolor/fork/web/index.php/test/seb,1454019578,,200
1d5e8f,::1,GET,http://localhost/~streetcolor/fork/web/index.php/test/seb,1454019587,,200
f30684,::1,GET,http://localhost/~streetcolor/fork/web/index.php/test/seb,1454019649,,200
521a9a,::1,GET,http://localhost/~streetcolor/fork/web/index.php/test/seb,1454019674,,200
c4f772,::1,GET,http://localhost/~streetcolor/fork/web/index.php/test/seb,1454019723,,200
d87dba,::1,GET,http://localhost/~streetcolor/fork/web/index.php/test/seb,1454019947,,200
0f5da5,::1,GET,http://localhost/~streetcolor/fork/web/index.php/test/seb,1454020201,,200
4fb2fb,::1,GET,http://localhost/~streetcolor/fork/web/index.php/test/seb,1454020227,,200
5414a7,::1,GET,http://localhost/~streetcolor/fork/web/index.php/test/seb,1454020278,,200
54a7c9,::1,GET,http://localhost/~streetcolor/fork/web/index.php/test/seb,1454020312,,200
923b17,::1,GET,http://localhost/~streetcolor/fork/web/index.php/test/seb,1454020313,,200
ac4cf7,::1,GET,http://localhost/~streetcolor/fork/web/index.php/test/seb,1454020313,,200
888fe5,::1,GET,http://localhost/~streetcolor/fork/web/index.php/test/seb,1454020387,,200
19d924,::1,GET,http://localhost/~streetcolor/fork/web/index.php/test/seb,1454020412,,200
2fcf82,::1,GET,http://localhost/~streetcolor/fork/web/index.php/test/seb,1454020427,,200
41bb48,::1,GET,http://localhost/~streetcolor/fork/web/index.php/test/seb,1454020480,,500
5db650,::1,GET,http://localhost/~streetcolor/fork/web/index.php/test/seb,1454020515,,500
a43734,::1,GET,http://localhost/~streetcolor/fork/web/index.php/test/seb,1454020516,,500
37ca2d,::1,GET,http://localhost/~streetcolor/fork/web/index.php/test/seb,1454020569,,200
99926b,::1,GET,http://localhost/~streetcolor/fork/web/index.php/test/seb,1454020647,,500
7dbe68,::1,GET,http://localhost/~streetcolor/fork/web/index.php/test/seb,1454020659,,500
662a92,::1,GET,http://localhost/~streetcolor/fork/web/index.php/test/seb,1454020690,,200
802da3,::1,GET,http://localhost/~streetcolor/fork/web/index.php/test/seb,1454020711,,500
8c4ea0,::1,GET,http://localhost/~streetcolor/fork/web/index.php/test/seb,1454020727,,200
2c11a4,::1,GET,http://localhost/~streetcolor/fork/web/index.php/test/seb,1454020812,,200
aa2e51,::1,GET,http://localhost/~streetcolor/fork/web/index.php/test/seb,1454020847,,200
ee3532,::1,GET,http://localhost/~streetcolor/fork/web/index.php/test/seb,1454020891,,200
83c5aa,::1,GET,http://localhost/~streetcolor/fork/web/index.php/test/seb,1454021024,,200
c7b77f,::1,GET,http://localhost/~streetcolor/fork/web/index_dev.php/test/seb,1454236408,,200
ce1106,::1,GET,http://localhost/~streetcolor/fork/web/index_dev.php/test/seb,1454236415,,200
017b76,::1,GET,http://localhost/~streetcolor/fork/web/index_dev.php/test/seb,1454236416,,200
a9495f,::1,GET,http://localhost/~streetcolor/fork/web/index_dev.php/test/seb,1454236416,,200
bea3df,::1,GET,http://localhost/~streetcolor/fork/web/index_dev.php/test/seb,1454237184,,200
ff91ad,::1,GET,http://localhost/~streetcolor/fork/web/index_dev.php/test/seb,1454237231,,200
348d72,::1,GET,http://localhost/~streetcolor/fork/web/index_dev.php/test/seb,1454237232,,200
6d677c,::1,GET,http://localhost/~streetcolor/fork/web/index_dev.php/test/seb,1454237232,,200
9bc362,::1,GET,http://localhost/~streetcolor/fork/web/index_dev.php/test/seb,1454237369,,200
e38749,::1,GET,http://localhost/~streetcolor/fork/web/index_dev.php/test/seb,1454237370,,200
f16e55,::1,GET,http://localhost/~streetcolor/fork/web/index_dev.php/test/seb,1454237370,,200
c33f2a,::1,GET,http://localhost/~streetcolor/fork/web/index_dev.php/test/seb,1454237451,,200
62f653,::1,GET,http://localhost/~streetcolor/fork/web/index_dev.php/test/seb,1454237463,,200
2e826e,::1,GET,http://localhost/~streetcolor/fork/web/index_dev.php/test/seb,1454237468,,200
2f906a,::1,GET,http://localhost/~streetcolor/fork/web/index_dev.php/test/seb,1454237482,,200
1049a3,::1,GET,http://localhost/~streetcolor/fork/web/index_dev.php/test/seb,1454237484,,200
6ab3ad,::1,GET,http://localhost/~streetcolor/fork/web/index_dev.php/test/seb,1454237489,,200
6a8f83,::1,GET,http://localhost/~streetcolor/fork/web/index_dev.php/test/seb,1454237490,,200
ae4325,::1,GET,http://localhost/~streetcolor/fork/web/index_dev.php/test/seb,1454237491,,200
0fc027,::1,GET,http://localhost/~streetcolor/fork/web/index_dev.php/test/seb,1454237707,,200
7f66d4,::1,GET,http://localhost/~streetcolor/fork/web/index_dev.php/test/seb,1454237708,,200
350db3,::1,GET,http://localhost/~streetcolor/fork/web/index_dev.php/test/seb,1454237708,,200
dc36b9,::1,GET,http://localhost/~streetcolor/fork/web/index_dev.php/test/seb,1454237718,,200
3b40b5,::1,GET,http://localhost/~streetcolor/fork/web/index_dev.php/test/seb,1454237719,,200
f4c125,::1,GET,http://localhost/~streetcolor/fork/web/index_dev.php/test/seb,1454237720,,200
5cde45,::1,GET,http://localhost/~streetcolor/fork/web/index_dev.php/test/seb,1454237720,,200
af9e7b,::1,GET,http://localhost/~streetcolor/fork/web/index_dev.php/test/seb,1454237720,,200
2994a4,::1,GET,http://localhost/~streetcolor/fork/web/index_dev.php/test/seb,1454237933,,200
88f5b1,::1,GET,http://localhost/~streetcolor/fork/web/index_dev.php/test/seb,1454238081,,200
0e77e3,::1,GET,http://localhost/~streetcolor/fork/web/index_dev.php/test/seb,1454239187,,500
854615,::1,GET,http://localhost/~streetcolor/fork/web/index_dev.php/test/seb,1454239188,,500
948487,::1,GET,http://localhost/~streetcolor/fork/web/index_dev.php/test/seb,1454239188,,500
1b59be,::1,GET,http://localhost/~streetcolor/fork/web/index_dev.php/test/seb,1454239723,,200
dbee20,::1,GET,http://localhost/~streetcolor/fork/web/index_dev.php/test/seb,1454239930,,200
02db36,::1,GET,http://localhost/~streetcolor/fork/web/index_dev.php/test/seb,1454239961,,200
0b4091,::1,GET,http://localhost/~streetcolor/fork/web/index_dev.php/test/seb,1454239962,,200
803923,::1,GET,http://localhost/~streetcolor/fork/web/index_dev.php/test/seb,1454239962,,200
e57afe,::1,GET,http://localhost/~streetcolor/fork/web/index_dev.php/test/seb,1454239969,,200
6f2400,::1,GET,http://localhost/~streetcolor/fork/web/index_dev.php/test/seb,1454239970,,200
8757fa,::1,GET,http://localhost/~streetcolor/fork/web/index_dev.php/test/seb,1454239971,,200
a35c29,::1,GET,http://localhost/~streetcolor/fork/web/index_dev.php/test/seb,1454239976,,200
0fab92,::1,GET,http://localhost/~streetcolor/fork/web/index_dev.php/test/seb,1454239976,,200
dcd384,::1,GET,http://localhost/~streetcolor/fork/web/index_dev.php/test/seb,1454239985,,200
ad05ff,::1,GET,http://localhost/~streetcolor/fork/web/index_dev.php/test/seb,1454240023,,200
9756e1,::1,GET,http://localhost/~streetcolor/fork/web/index_dev.php/test/seb,1454240024,,200
6136da,::1,GET,http://localhost/~streetcolor/fork/web/index_dev.php/test/seb,1454240025,,200
7b9968,::1,GET,http://localhost/~streetcolor/fork/web/index_dev.php/test/seb,1454240045,,200
20db4c,::1,GET,http://localhost/~streetcolor/fork/web/index_dev.php/test/seb,1454240177,,200
9b34bb,::1,GET,http://localhost/~streetcolor/fork/web/index_dev.php/test/seb,1454240194,,200
fb2095,::1,GET,http://localhost/~streetcolor/fork/web/index_dev.php/test/seb,1454240220,,200
14ecca,::1,GET,http://localhost/~streetcolor/fork/web/index_dev.php/test/seb,1454240249,,200
9060cd,::1,GET,http://localhost/~streetcolor/fork/web/index_dev.php/test/seb,1454240250,,200
eea973,::1,GET,http://localhost/~streetcolor/fork/web/index_dev.php/test/seb,1454240251,,200
29bd15,::1,GET,http://localhost/~streetcolor/fork/web/index_dev.php/test/seb,1454240262,,200
ff8b8e,::1,GET,http://localhost/~streetcolor/fork/web/index_dev.php/test/seb,1454240265,,200
618b86,::1,GET,http://localhost/~streetcolor/fork/web/index_dev.php/test/seb,1454240279,,200
fccd72,::1,GET,http://localhost/~streetcolor/fork/web/index_dev.php/test/seb,1454240310,,200
2c9d81,::1,GET,http://localhost/~streetcolor/fork/web/index_dev.php/test/seb,1454240332,,200
c758c9,::1,GET,http://localhost/~streetcolor/fork/web/index_dev.php/test/seb,1454240340,,200
50c702,::1,GET,http://localhost/~streetcolor/fork/web/index_dev.php/test/seb,1454240347,,200
b45ef8,::1,GET,http://localhost/~streetcolor/fork/web/index_dev.php/test/seb,1454240451,,200
67e31b,::1,GET,http://localhost/~streetcolor/fork/web/index_dev.php/test/seb,1454240560,,200
cace81,::1,GET,http://localhost/~streetcolor/fork/web/index_dev.php/test/seb,1454240602,,200
7acaf0,::1,GET,http://localhost/~streetcolor/fork/web/index_dev.php/test/seb,1454240603,,200
fecc4e,::1,GET,http://localhost/~streetcolor/fork/web/index_dev.php/test/seb,1454240604,,200
22a62c,::1,GET,http://localhost/~streetcolor/fork/web/index_dev.php/test/seb,1454240630,,200
e7cdae,::1,GET,http://localhost/~streetcolor/fork/web/index_dev.php/test/seb,1454240838,,200
b9ef88,::1,GET,http://localhost/~streetcolor/fork/web/index_dev.php/test/seb,1454240852,,200
d496d9,::1,GET,http://localhost/~streetcolor/fork/web/index_dev.php/test/seb,1454240854,,200
ba71da,::1,GET,http://localhost/~streetcolor/fork/web/index_dev.php/test/seb,1454240854,,200
03b285,::1,GET,http://localhost/~streetcolor/fork/web/index_dev.php/test/seb,1454240868,,200
5733b6,::1,GET,http://localhost/~streetcolor/fork/web/index_dev.php/test/seb,1454240926,,200
6414e9,::1,GET,http://localhost/~streetcolor/fork/web/index_dev.php/test/seb,1454240958,,200
e06eba,::1,GET,http://localhost/~streetcolor/fork/web/index_dev.php/test/seb,1454240993,,200
7dd804,::1,GET,http://localhost/~streetcolor/fork/web/index_dev.php/test/seb,1454241086,,200
6c7a43,::1,GET,http://localhost/~streetcolor/fork/web/index_dev.php/test/seb,1454241087,,200
480b37,::1,GET,http://localhost/~streetcolor/fork/web/index_dev.php/test/seb,1454241087,,200
755717,::1,GET,http://localhost/~streetcolor/fork/web/index_dev.php/test/seb,1454241114,,200
c59640,::1,GET,http://localhost/~streetcolor/fork/web/index_dev.php/test/seb,1454241127,,200
baf9b2,::1,GET,http://localhost/~streetcolor/fork/web/index_dev.php/test/seb,1454241135,,200
1f777a,::1,GET,http://localhost/~streetcolor/fork/web/index_dev.php/test/seb,1454241145,,200
bdebb1,::1,GET,http://localhost/~streetcolor/fork/web/index_dev.php/test/seb,1454241149,,200
905fd1,::1,GET,http://localhost/~streetcolor/fork/web/index_dev.php/test/seb,1454241155,,200
d6aeaf,::1,GET,http://localhost/~streetcolor/fork/web/index_dev.php/test/seb,1454241179,,200
d4d575,::1,GET,http://localhost/~streetcolor/fork/web/index_dev.php/test/seb,1454241266,,200
f46f40,::1,GET,http://localhost/~streetcolor/fork/web/index_dev.php/test/seb,1454241323,,200
494522,::1,GET,http://localhost/~streetcolor/fork/web/index_dev.php/test/seb,1454241350,,200
cb9b93,::1,GET,http://localhost/~streetcolor/fork/web/index_dev.php/test/seb,1454241568,,200
4bbbc0,::1,GET,http://localhost/~streetcolor/fork/web/index_dev.php/,1454259840,,404
4f9bb4,::1,GET,http://localhost/~streetcolor/fork/web/index_dev.php/,1454259859,,404
c81f6f,::1,GET,http://localhost/~streetcolor/fork/web/index_dev.php/,1454259860,,404
93cedc,::1,GET,http://localhost/~streetcolor/fork/web/index_dev.php/test/seb,1454259867,,200
2ba06c,::1,GET,http://localhost/~streetcolor/fork/web/index_dev.php/test/seb,1454259868,,200
7d03f9,::1,GET,http://localhost/~streetcolor/fork/web/index_dev.php/test/seb,1454259876,,200
291727,::1,GET,http://localhost/~streetcolor/fork/web/index_dev.php/test/seb,1454259897,,200
a90298,::1,GET,http://localhost/~streetcolor/fork/web/index_dev.php/test/seb,1454259898,,200
58cb25,::1,GET,http://localhost/~streetcolor/fork/web/index_dev.php/test/seb,1454259908,,200
112c92,::1,GET,http://localhost/~streetcolor/fork/web/index_dev.php/test/seb,1454259909,,200
7b966e,::1,GET,http://localhost/~streetcolor/fork/web/index_dev.php/test/seb,1454259910,,200
c6ee2d,::1,GET,http://localhost/~streetcolor/fork/web/index_dev.php/test/seb,1454259910,,200
7ed6b8,::1,GET,http://localhost/~streetcolor/fork/web/index_dev.php/test/seb,1454259953,,200
9b0429,::1,GET,http://localhost/~streetcolor/fork/web/index_dev.php/test/seb,1454259964,,200
0136d7,::1,GET,http://localhost/~streetcolor/fork/web/index_dev.php/test/seb,1454260023,,200
86aac1,::1,GET,http://localhost/~streetcolor/fork/web/index_dev.php/test/seb,1454260214,,200
cad129,::1,GET,http://localhost/~streetcolor/fork/web/index_dev.php/test/seb,1454260617,,200
6aeb4c,::1,GET,http://localhost/~streetcolor/fork/web/index_dev.php/test/seb,1454260642,,200
97cb7e,::1,GET,http://localhost/~streetcolor/fork/web/index_dev.php/test/seb,1454263043,,404
e510d4,::1,GET,http://localhost/~streetcolor/fork/web/index_dev.php/test/seb,1454263044,,404
b14834,::1,GET,http://localhost/~streetcolor/fork/web/index_dev.php/test/seb,1454263044,,404
4692b3,::1,GET,http://localhost/~streetcolor/fork/web/index_dev.php/test/seb,1454263962,,500
71a80a,::1,GET,http://localhost/~streetcolor/fork/web/index_dev.php/test/seb,1454263990,,500
067cee,::1,GET,http://localhost/~streetcolor/fork/web/index_dev.php/test/seb,1454264144,,200
65af88,::1,GET,http://localhost/~streetcolor/MVC/silex-mvc/web/index_dev.php/test/e,1454364002,,404
b52b27,::1,GET,http://localhost/~streetcolor/MVC/silex-mvc/web/index_dev.php/kiki/seb,1454364092,,500
de4fac,::1,GET,http://localhost/~streetcolor/MVC/silex-mvc/web/index_dev.php/kiki/seb,1454364094,,500
4d42b9,::1,GET,http://localhost/~streetcolor/MVC/silex-mvc/web/index_dev.php/tets/seb,1454364098,,404
f970af,::1,GET,http://localhost/~streetcolor/MVC/silex-mvc/web/index_dev.php/test/seb,1454364102,,200
503fc2,::1,GET,http://localhost/~streetcolor/MVC/silex-mvc/web/index_dev.php/test/seb,1454364131,,200
617ee4,::1,GET,http://localhost/~streetcolor/MVC/silex-mvc/web/index_dev.php/test/seb,1454364183,,200
5b95e5,::1,GET,http://localhost/~streetcolor/MVC/silex-mvc/web/index_dev.php/kiki/seb,1454364195,,500
3ef070,::1,GET,http://localhost/~streetcolor/MVC/silex-mvc/web/index_dev.php/kiki/seb,1454364240,,500
d873fd,::1,GET,http://localhost/~streetcolor/MVC/silex-mvc/web/index_dev.php/kiki/seb,1454364241,,500
bf008f,::1,GET,http://localhost/~streetcolor/MVC/silex-mvc/web/index_dev.php/kiki/seb,1454364241,,500
f0eb82,::1,GET,http://localhost/~streetcolor/MVC/silex-mvc/web/index_dev.php/kiki/seb,1454364245,,500
147b72,::1,GET,http://localhost/~streetcolor/MVC/silex-mvc/web/index_dev.php/kiki/seb,1454364279,,500
21a504,::1,GET,http://localhost/~streetcolor/MVC/silex-mvc/web/index_dev.php/kiki/seb,1454364280,,500
c9110e,::1,GET,http://localhost/~streetcolor/MVC/silex-mvc/web/index_dev.php/kiki/seb,1454364280,,500
5c914b,::1,GET,http://localhost/~streetcolor/MVC/silex-mvc/web/index_dev.php/kiki/seb,1454364307,,200
e380cc,::1,GET,http://localhost/~streetcolor/MVC/silex-mvc/web/index_dev.php/test/seb,1454364315,,200
1260b4,::1,GET,http://localhost/~streetcolor/MVC/silex-mvc/web/index_dev.php/test/seb,1454364337,,200
bdd776,::1,GET,http://localhost/~streetcolor/MVC/silex-mvc/web/index_dev.php/kiki/seb,1454364339,,200
1d9b10,::1,GET,http://localhost/~streetcolor/MVC/silex-mvc/web/index_dev.php/kiki/seb,1454364341,,200
a5408c,::1,GET,http://localhost/~streetcolor/MVC/silex-mvc/web/index_dev.php/kiki/seb,1454364351,,200
b65f9e,::1,GET,http://localhost/~streetcolor/MVC/silex-mvc/web/index_dev.php/test/seb,1454364462,,401
504854,::1,GET,http://localhost/~streetcolor/MVC/silex-mvc/web/index_dev.php/kiki/seb,1454364467,,200
8784d2,::1,GET,http://localhost/~streetcolor/MVC/silex-mvc/web/index_dev.php/kiki/seb,1454364746,,401
2504fe,::1,GET,http://localhost/~streetcolor/MVC/silex-mvc/web/index_dev.php/kiki/seb,1454364748,,200
a3042a,::1,GET,http://localhost/~streetcolor/MVC/silex-mvc/web/index_dev.php/test/seb,1454364755,,500
ab390f,::1,GET,http://localhost/~streetcolor/MVC/silex-mvc/web/index_dev.php/test/seb,1454364763,,500
3030b6,::1,GET,http://localhost/~streetcolor/MVC/silex-mvc/web/index_dev.php/test/seb,1454364764,,500
ab1e9a,::1,GET,http://localhost/~streetcolor/MVC/silex-mvc/web/index_dev.php/test/seb,1454364764,,500
2c1eed,::1,GET,http://localhost/~streetcolor/MVC/silex-mvc/web/index_dev.php/test/seb,1454364940,,200
47ab52,::1,GET,http://localhost/~streetcolor/MVC/silex-mvc/web/index_dev.php/test/seb,1454364984,,200
2f6fd2,::1,GET,http://localhost/~streetcolor/MVC/silex-mvc/web/index_dev.php/test/seb,1454365032,,200
daf050,::1,GET,http://localhost/~streetcolor/MVC/silex-mvc/web/index_dev.php/,1454365622,,404
1b24e2,::1,GET,http://localhost/~streetcolor/MVC/silex-mvc/web/index_dev.php/kiki/seb,1454365625,,500
b93301,::1,GET,http://localhost/~streetcolor/MVC/silex-mvc/web/index_dev.php/test/seb,1454365640,,200
e26560,::1,GET,http://localhost/~streetcolor/MVC/silex-mvc/web/index_dev.php/kiki/seb,1454365643,,401
afd529,::1,GET,http://localhost/~streetcolor/MVC/silex-mvc/web/index_dev.php/kiki/seb,1454365648,,401
19df53,::1,GET,http://localhost/~streetcolor/MVC/silex-mvc/web/index_dev.php/kiki/seb,1454365658,,401
999fd4,::1,GET,http://localhost/~streetcolor/MVC/silex-mvc/web/index_dev.php/kiki/seb,1454365663,,401
66dabc,::1,GET,http://localhost/~streetcolor/MVC/silex-mvc/web/index_dev.php/kiki/seb,1454365675,,401
2c0566,::1,GET,http://localhost/~streetcolor/MVC/silex-mvc/web/index_dev.php/kiki/seb,1454365678,,401
a56d67,::1,GET,http://localhost/~streetcolor/MVC/silex-mvc/web/index_dev.php/kiki/seb,1454365679,,401
76f246,::1,GET,http://localhost/~streetcolor/MVC/silex-mvc/web/index_dev.php/kiki/seb,1454365705,,401
f72603,::1,GET,http://localhost/~streetcolor/MVC/silex-mvc/web/index_dev.php/kiki/seb,1454365706,,401
678875,::1,GET,http://localhost/~streetcolor/MVC/silex-mvc/web/index_dev.php/kiki/seb,1454365736,,401
a84099,::1,GET,http://localhost/~streetcolor/MVC/silex-mvc/web/index_dev.php/kiki/seb,1454365738,,401
48b3df,::1,GET,http://localhost/~streetcolor/MVC/silex-mvc/web/index_dev.php/kiki/seb,1454365741,,401
298ad5,::1,GET,http://localhost/~streetcolor/MVC/silex-mvc/web/index_dev.php/test/seb,1454365750,,401
ebd6db,::1,GET,http://localhost/~streetcolor/MVC/silex-mvc/web/index_dev.php/test/seb,1454365751,,200
a0e24c,::1,GET,http://localhost/~streetcolor/MVC/silex-mvc/web/index_dev.php/test/seb,1454365778,,200
859a56,::1,GET,http://localhost/~streetcolor/MVC/silex-mvc/web/index_dev.php/test/seb,1454365781,,200
b5949c,::1,GET,http://localhost/~streetcolor/MVC/silex-mvc/web/index_dev.php/test/seb,1454365806,,200
7c4c4c,::1,GET,http://localhost/~streetcolor/MVC/silex-mvc/web/index_dev.php/test/seb,1454365807,,200
64ed7c,::1,GET,http://localhost/~streetcolor/MVC/silex-mvc/web/index_dev.php/test/seb,1454365820,,200
ea2172,::1,GET,http://localhost/~streetcolor/MVC/silex-mvc/web/index_dev.php/test/seb,1454365853,,200
cbd4f5,::1,GET,http://localhost/~streetcolor/MVC/silex-mvc/web/index_dev.php/test/seb,1454365885,,200
bf7adf,::1,GET,http://localhost/~streetcolor/MVC/silex-mvc/web/index_dev.php/test/seb,1454365894,,401
0a7e79,::1,GET,http://localhost/~streetcolor/MVC/silex-mvc/web/index_dev.php/test/seb,1454365897,,200
32be64,::1,GET,http://localhost/~streetcolor/MVC/silex-mvc/web/index_dev.php/test/seb,1454365909,,200
c405f9,::1,GET,http://localhost/~streetcolor/MVC/silex-mvc/web/index_dev.php/test/seb,1454365965,,200
c2b4a8,::1,GET,http://localhost/~streetcolor/MVC/silex-mvc/web/index_dev.php/test/seb,1454365981,,200
7fbec6,::1,GET,http://localhost/~streetcolor/MVC/silex-mvc/web/index_dev.php/test/seb,1454365984,,200
b0ba73,::1,GET,http://localhost/~streetcolor/MVC/silex-mvc/web/index_dev.php/test/seb,1454365993,,401
98d768,::1,GET,http://localhost/~streetcolor/MVC/silex-mvc/web/index_dev.php/test/seb,1454365993,,401
568bc0,::1,GET,http://localhost/~streetcolor/MVC/silex-mvc/web/index_dev.php/test/seb,1454365995,,401
ba0b9e,::1,GET,http://localhost/~streetcolor/MVC/silex-mvc/web/index_dev.php/test/seb,1454366001,,401
2f46ef,::1,GET,http://localhost/~streetcolor/MVC/silex-mvc/web/index_dev.php/test/seb,1454366003,,401
1cf537,::1,GET,http://localhost/~streetcolor/MVC/silex-mvc/web/index_dev.php/test/seb,1454366007,,200
5e3261,::1,GET,http://localhost/~streetcolor/MVC/silex-mvc/web/index_dev.php/test/seb,1454366094,,200
f16a35,::1,GET,http://localhost/~streetcolor/MVC/silex-mvc/web/index_dev.php/test/seb,1454366105,,200
95263c,::1,GET,http://localhost/~streetcolor/MVC/silex-mvc/web/index_dev.php/test/seb,1454366126,,401
ca84bd,::1,GET,http://localhost/~streetcolor/MVC/silex-mvc/web/index_dev.php/test/seb,1454366129,,200
c3bfe1,::1,GET,http://localhost/~streetcolor/MVC/silex-mvc/web/index_dev.php/test/seb,1454366347,,401
2c3869,::1,GET,http://localhost/~streetcolor/MVC/silex-mvc/web/index_dev.php/test/seb,1454366348,,401
722d6a,::1,GET,http://localhost/~streetcolor/MVC/silex-mvc/web/index_dev.php/test/seb,1454366351,,401
d77a4f,::1,GET,http://localhost/~streetcolor/MVC/silex-mvc/web/index_dev.php/test/seb,1454366357,,401
9afb2e,::1,GET,http://localhost/~streetcolor/MVC/silex-mvc/web/index_dev.php/test/seb,1454366392,,200
70c35a,::1,GET,http://localhost/~streetcolor/MVC/silex-mvc/web/index_dev.php/test/seb,1454366461,,401
d7904e,::1,GET,http://localhost/~streetcolor/MVC/silex-mvc/web/index_dev.php/test/seb,1454366462,,401
e4f179,::1,GET,http://localhost/~streetcolor/MVC/silex-mvc/web/index_dev.php/test/seb,1454366466,,401
a0b540,::1,GET,http://localhost/~streetcolor/MVC/silex-mvc/web/index_dev.php/test/seb,1454366467,,401
366dbe,::1,GET,http://localhost/~streetcolor/MVC/silex-mvc/web/index_dev.php/test/seb,1454366470,,401
97bcb0,::1,GET,http://localhost/~streetcolor/MVC/silex-mvc/web/index_dev.php/test/seb,1454366478,,401
6d2a41,::1,GET,http://localhost/~streetcolor/MVC/silex-mvc/web/index_dev.php/test/seb,1454366496,,500
052526,::1,GET,http://localhost/~streetcolor/MVC/silex-mvc/web/index_dev.php/test/seb,1454366497,,401
f8dddc,::1,GET,http://localhost/~streetcolor/MVC/silex-mvc/web/index_dev.php/test/seb,1454366499,,401
bbc8e2,::1,GET,http://localhost/~streetcolor/MVC/silex-mvc/web/index_dev.php/test/seb,1454366504,,401
c1c016,::1,GET,http://localhost/~streetcolor/MVC/silex-mvc/web/index_dev.php/test/seb,1454366725,,401
02ce53,::1,GET,http://localhost/~streetcolor/MVC/silex-mvc/web/index_dev.php/test/seb,1454366726,,200
a0cf0d,::1,GET,http://localhost/~streetcolor/MVC/silex-mvc/web/index_dev.php/test/seb,1454366732,,401
098c73,::1,GET,http://localhost/~streetcolor/MVC/silex-mvc/web/index_dev.php/test/seb,1454366735,,401
8dbd64,::1,GET,http://localhost/~streetcolor/MVC/silex-mvc/web/index_dev.php/test/seb,1454366738,,200
0ecb7f,::1,GET,http://localhost/~streetcolor/MVC/silex-mvc/web/index_dev.php/test/seb,1454366899,,500
f6e35f,::1,GET,http://localhost/~streetcolor/MVC/silex-mvc/web/index_dev.php/test/seb,1454366930,,200
519a8f,::1,GET,http://localhost/~streetcolor/MVC/silex-mvc/web/index_dev.php/test/seb,1454366932,,200
97eec7,::1,GET,http://localhost/~streetcolor/MVC/silex-mvc/web/index_dev.php/test/seb,1454366939,,200
badc71,::1,GET,http://localhost/~streetcolor/MVC/silex-mvc/web/index_dev.php/test/seb,1454366940,,200
722e44,::1,GET,http://localhost/~streetcolor/MVC/silex-mvc/web/index_dev.php/test/seb,1454367000,,200
f30cdc,::1,GET,http://localhost/~streetcolor/MVC/silex-mvc/web/index_dev.php/test/seb,1454367001,,200
91de57,::1,GET,http://localhost/~streetcolor/MVC/silex-mvc/web/index_dev.php/test/seb,1454367002,,200
736ec0,::1,GET,http://localhost/~streetcolor/MVC/silex-mvc/web/index_dev.php/test/seb,1454367002,,200
17c2ae,::1,GET,http://localhost/~streetcolor/MVC/silex-mvc/web/index_dev.php/test/seb,1454367009,,200
1c6d05,::1,GET,http://localhost/~streetcolor/MVC/silex-mvc/web/index_dev.php/test/seb,1454367018,,401
3aac8d,::1,GET,http://localhost/~streetcolor/MVC/silex-mvc/web/index_dev.php/test/seb,1454367026,,401
638ec9,::1,GET,http://localhost/~streetcolor/MVC/silex-mvc/web/index_dev.php/test/seb,1454367029,,200
57d3d9,::1,GET,http://localhost/~streetcolor/MVC/silex-mvc/web/index_dev.php/test/seb,1454367193,,500
e2e097,::1,GET,http://localhost/~streetcolor/MVC/silex-mvc/web/index_dev.php/test/seb,1454367203,,200
